Cadent,Backend Engineer Intern,https://www.linkedin.com/jobs/view/4119000723/,,Remote,2025-01-28 18:39:07.417020
Folio,Software Engineer Internships,https://www.linkedin.com/jobs/view/4125079530/,,Remote,2025-01-28 18:39:15.568831
Bosch USA,Wireless AI Intern,https://www.linkedin.com/jobs/view/3995016195/,,Remote,2025-01-28 18:41:14.544107
The Fountain Group,Web Developer,https://www.linkedin.com/jobs/view/4137573758/,,Remote,2025-01-28 18:41:23.522461
Cadent,Frontend Engineer Intern,https://www.linkedin.com/jobs/view/4119010081/,,Remote,2025-01-28 18:41:31.441162
Cadent,Data Engineer Intern,https://www.linkedin.com/jobs/view/4137563290/,,Remote,2025-01-28 18:41:40.307873
Find Me,Full Stack Developer (Machine Learning & Image Processing) Intern – Unpaid,https://www.linkedin.com/jobs/view/4136673744/,,Remote,2025-01-28 18:41:47.896292
AMISEQ,Full Stack Developer,https://www.linkedin.com/jobs/view/4137783888/,,Remote,2025-01-28 18:43:09.422033
Click2.ai,Software Engineer Intern,https://www.linkedin.com/jobs/view/4130163385/,,Remote,2025-01-28 18:43:17.498745
Bosch USA,Artificial Intelligence / Machine Learning: Foundation Models - Intern,https://www.linkedin.com/jobs/view/4091550243/,,USA,2025-01-28 21:59:46.705591
Intellectt Inc,Firmware Engineer,https://www.linkedin.com/jobs/view/4137614443/,,USA,2025-01-28 22:01:19.845176
Bosch USA,Neuro-symbolic AI Intern,https://www.linkedin.com/jobs/view/3826872426/,,USA,2025-01-28 22:03:17.289348
Bosch USA,AI Research Intern – Cognitive Neuro-Symbolic Systems,https://www.linkedin.com/jobs/view/4121837938/,,USA,2025-01-28 22:05:16.522602
Bosch USA,Deep Learning Research Intern - Audio AI,https://www.linkedin.com/jobs/view/4103680310/,,USA,2025-01-28 22:07:20.462943
Bosch USA,Neuro-symbolic AI Research Intern,https://www.linkedin.com/jobs/view/4131898974/,,USA,2025-01-28 22:09:23.937798
Bosch USA,Audio AI Deep Learning Research Intern,https://www.linkedin.com/jobs/view/4099350225/,,USA,2025-01-28 22:11:23.162756
Colonial Coatings Corporation,Quality Assurance Intern,https://www.linkedin.com/jobs/view/4137787760/,,USA,2025-01-28 22:11:31.547023
Bosch USA,VLM-based Scene Understanding Research – Intern,https://www.linkedin.com/jobs/view/4092217183/,,USA,2025-01-28 22:13:30.094139
Cadent,Data Engineer Intern,https://www.linkedin.com/jobs/view/4137563290/,,USA,2025-01-28 22:13:37.540562
A-Line Staffing Solutions,Software Engineer,https://www.linkedin.com/jobs/view/4137596812/,,USA,2025-01-28 22:14:57.711228
Primary Talent Partners,Mobile Software Engineer,https://www.linkedin.com/jobs/view/4137555887/,,USA,2025-01-28 22:16:27.437052
nTech Workforce,Firmware Engineer,https://www.linkedin.com/jobs/view/4137455212/,,USA,2025-01-28 22:18:04.077447
People Tech Group Inc,Software Intern,https://www.linkedin.com/jobs/view/4119030811/,,USA,2025-01-28 22:18:13.386738
Visa,"Staff Machine Learning Scientist, Intern - PhD",https://www.linkedin.com/jobs/view/4118009464/,,USA,2025-01-28 22:21:24.842803
Synergy Interactive,Android Developer,https://www.linkedin.com/jobs/view/4137020379/,,USA,2025-01-28 22:22:58.317266
Click2.ai,Software Engineer Intern,https://www.linkedin.com/jobs/view/4130163385/,,USA,2025-01-28 22:23:06.940279
Eluvio,AI - Machine Learning Intern (Gen AI - Multimodal),https://www.linkedin.com/jobs/view/4135179310/,,USA,2025-01-28 22:24:49.766403
